Product Name,Product Features,Price (â‚¹),Rating,Reviews,Product Link,Image URL,Description
Bata,N/A,"1,288",3.9 out of 5 stars,"1,102",N/A,https://m.media-amazon.com/images/I/514N4bUR79L._AC_UL320_.jpg,N/A
ASIAN,N/A,599,3.9 out of 5 stars,"104,418",N/A,https://m.media-amazon.com/images/I/61utX8kBDlL._AC_UL320_.jpg,N/A
Campus,N/A,809,4.2 out of 5 stars,"2,874",N/A,https://m.media-amazon.com/images/I/61XwYMOyfwL._AC_UL320_.jpg,N/A
ASIAN,N/A,719,3.7 out of 5 stars,"1,774",N/A,https://m.media-amazon.com/images/I/71ivYMOzncL._AC_UL320_.jpg,N/A
Puma,N/A,"1,749",3.9 out of 5 stars,"7,367",N/A,https://m.media-amazon.com/images/I/51GOpp8rAJL._AC_UL320_.jpg,N/A
Campus,N/A,"1,449",4.4 out of 5 stars,154,N/A,https://m.media-amazon.com/images/I/61giDAMYkGL._AC_UL320_.jpg,N/A
ASIAN,N/A,799,3.4 out of 5 stars,967,N/A,https://m.media-amazon.com/images/I/713G8fax-4L._AC_UL320_.jpg,N/A
LANCER,N/A,579,3.6 out of 5 stars,"4,726",N/A,https://m.media-amazon.com/images/I/61RFlIUeaIL._AC_UL320_.jpg,N/A
Centrino,N/A,799,3.8 out of 5 stars,"7,824",N/A,https://m.media-amazon.com/images/I/71I8S-yPG+L._AC_UL320_.jpg,N/A
Woodland,N/A,"2,004",4.0 out of 5 stars,181,N/A,https://m.media-amazon.com/images/I/71JklJfFchL._AC_UL320_.jpg,N/A
Nivia,N/A,"1,014",3.9 out of 5 stars,280,N/A,https://m.media-amazon.com/images/I/71074fZToFL._AC_UL320_.jpg,N/A
adidas,N/A,"1,832",3.8 out of 5 stars,636,N/A,https://m.media-amazon.com/images/I/71Pp9HxRfsL._AC_UL320_.jpg,N/A
Reebok,N/A,"1,539",3.9 out of 5 stars,"3,062",N/A,https://m.media-amazon.com/images/I/71dGLtr+1mL._AC_UL320_.jpg,N/A
Woodland,N/A,"2,471",3.8 out of 5 stars,"2,093",N/A,https://m.media-amazon.com/images/I/81-wIKQeHRL._AC_UL320_.jpg,N/A
Campus,N/A,"1,599",4.5 out of 5 stars,74,N/A,https://m.media-amazon.com/images/I/61rSOKoLhyL._AC_UL320_.jpg,N/A
Campus,N/A,799,4.1 out of 5 stars,"22,626",N/A,https://m.media-amazon.com/images/I/61Anv0lBjRL._AC_UL320_.jpg,N/A
Reebok,N/A,"1,486",3.9 out of 5 stars,"4,173",N/A,https://m.media-amazon.com/images/I/51MuYbbzjgL._AC_UL320_.jpg,N/A
Bata,N/A,499,3.6 out of 5 stars,788,N/A,https://m.media-amazon.com/images/I/51zA3Xl-12L._AC_UL320_.jpg,N/A
Bata,N/A,621,4.0 out of 5 stars,"1,842",N/A,https://m.media-amazon.com/images/I/61hMIGOoc7L._AC_UL320_.jpg,N/A
SPARX,N/A,878,4.0 out of 5 stars,"10,963",N/A,https://m.media-amazon.com/images/I/51DTfVkwnVL._AC_UL320_.jpg,N/A
Reebok,N/A,"1,569",4.0 out of 5 stars,"1,578",N/A,https://m.media-amazon.com/images/I/514Y8xM3pkL._AC_UL320_.jpg,N/A
Cruiser,N/A,999,4.0 out of 5 stars,315,N/A,https://m.media-amazon.com/images/I/717cuQbVMKL._AC_UL320_.jpg,N/A
ASIAN,N/A,674,3.8 out of 5 stars,"11,058",N/A,https://m.media-amazon.com/images/I/61YUuCn4u+L._AC_UL320_.jpg,N/A
BRUTON,N/A,495,3.5 out of 5 stars,386,N/A,https://m.media-amazon.com/images/I/71f3BmjCwtL._AC_UL320_.jpg,N/A
Skechers,N/A,"2,364",4.1 out of 5 stars,951,N/A,https://m.media-amazon.com/images/I/7138gB6X8NL._AC_UL320_.jpg,N/A
ASIAN,N/A,899,3.9 out of 5 stars,69,N/A,https://m.media-amazon.com/images/I/71gULof0VhL._AC_UL320_.jpg,N/A
Campus,N/A,"1,249",4.0 out of 5 stars,"14,342",N/A,https://m.media-amazon.com/images/I/61+u7BBiaxL._AC_UL320_.jpg,N/A
ASIAN,N/A,727,3.9 out of 5 stars,"1,420",N/A,https://m.media-amazon.com/images/I/61EB134OSlL._AC_UL320_.jpg,N/A
SPARX,N/A,798,4.1 out of 5 stars,"13,435",N/A,https://m.media-amazon.com/images/I/71MjjKXxiYL._AC_UL320_.jpg,N/A
BRUTON,N/A,492,3.4 out of 5 stars,67,N/A,https://m.media-amazon.com/images/I/61E8MPinZQL._AC_UL320_.jpg,N/A
Campus,N/A,"1,249",4.0 out of 5 stars,"14,354",N/A,https://m.media-amazon.com/images/I/61NLkoMf2rL._AC_UL320_.jpg,N/A
Campus,N/A,"1,499",4.4 out of 5 stars,173,N/A,https://m.media-amazon.com/images/I/61fBpwlOi3L._AC_UL320_.jpg,N/A
ASIAN,N/A,719,3.8 out of 5 stars,"3,899",N/A,https://m.media-amazon.com/images/I/61odR70rgML._AC_UL320_.jpg,N/A
Campus,N/A,"1,249",4.7 out of 5 stars,87,N/A,https://m.media-amazon.com/images/I/612hqh2tYBL._AC_UL320_.jpg,N/A
Liberty,N/A,669,3.8 out of 5 stars,"1,820",N/A,https://m.media-amazon.com/images/I/61L8XsG6OcL._AC_UL320_.jpg,N/A
Woodland,N/A,"2,334",3.9 out of 5 stars,"4,641",N/A,https://m.media-amazon.com/images/I/61oCIPI+07L._AC_UL320_.jpg,N/A
Bata,N/A,723,3.3 out of 5 stars,121,N/A,https://m.media-amazon.com/images/I/51-crlOzZCL._AC_UL320_.jpg,N/A
Puma,N/A,"1,999",4.0 out of 5 stars,511,N/A,https://m.media-amazon.com/images/I/61j1k5txkGL._AC_UL320_.jpg,N/A
Campus,N/A,"1,299",4.0 out of 5 stars,"2,102",N/A,https://m.media-amazon.com/images/I/71-eYcGN07L._AC_UL320_.jpg,N/A
SPARX,N/A,678,4.2 out of 5 stars,"15,833",N/A,https://m.media-amazon.com/images/I/5149DvbNzIL._AC_UL320_.jpg,N/A
ATHCO,N/A,699,3.9 out of 5 stars,"1,391",N/A,https://m.media-amazon.com/images/I/71JMDJLzRDL._AC_UL320_.jpg,N/A
Campus,N/A,999,3.7 out of 5 stars,"3,020",N/A,https://m.media-amazon.com/images/I/616N+s1BFML._AC_UL320_.jpg,N/A
Nike,N/A,"3,495",4.2 out of 5 stars,23,N/A,https://m.media-amazon.com/images/I/71zFnwnKwgL._AC_UL320_.jpg,N/A
ASIAN,N/A,"1,199",3.6 out of 5 stars,161,N/A,https://m.media-amazon.com/images/I/71t+8Gzi7SL._AC_UL320_.jpg,N/A
Skechers,N/A,"2,700",3.9 out of 5 stars,118,N/A,https://m.media-amazon.com/images/I/71O62Damy3L._AC_UL320_.jpg,N/A
Campus,N/A,"1,249",4.0 out of 5 stars,"1,769",N/A,https://m.media-amazon.com/images/I/81g0NuUrDKL._AC_UL320_.jpg,N/A
Reebok,N/A,"1,442",3.7 out of 5 stars,53,N/A,https://m.media-amazon.com/images/I/51F7v1JAMtL._AC_UL320_.jpg,N/A
Puma,N/A,"2,599",4.4 out of 5 stars,31,N/A,https://m.media-amazon.com/images/I/51ZBSSPyrUL._AC_UL320_.jpg,N/A
Puma,N/A,"1,414",3.8 out of 5 stars,582,N/A,https://m.media-amazon.com/images/I/51E1BriR43L._AC_UL320_.jpg,N/A
ASIAN,N/A,660,3.8 out of 5 stars,370,N/A,https://m.media-amazon.com/images/I/81S8+dr6klL._AC_UL320_.jpg,N/A
Campus,N/A,"1,599",3.9 out of 5 stars,74,N/A,https://m.media-amazon.com/images/I/71aihIonYZL._AC_UL320_.jpg,N/A
Bata,N/A,407,3.7 out of 5 stars,"3,191",N/A,https://m.media-amazon.com/images/I/61D5JyuojVL._AC_UL320_.jpg,N/A
Bata,N/A,457,3.8 out of 5 stars,887,N/A,https://m.media-amazon.com/images/I/71ySHBDbJqL._AC_UL320_.jpg,N/A
Reebok,N/A,"1,512",4.0 out of 5 stars,96,N/A,https://m.media-amazon.com/images/I/51RAStiexQL._AC_UL320_.jpg,N/A
Puma,N/A,"2,056",4.1 out of 5 stars,701,N/A,https://m.media-amazon.com/images/I/61hWZul1wiL._AC_UL320_.jpg,N/A
ASIAN,N/A,753,3.8 out of 5 stars,"6,434",N/A,https://m.media-amazon.com/images/I/81Qi5P+GYbL._AC_UL320_.jpg,N/A
Puma,N/A,"3,599",3.3 out of 5 stars,12,N/A,https://m.media-amazon.com/images/I/51QBqpS4zxL._AC_UL320_.jpg,N/A
ASIAN,N/A,849,3.8 out of 5 stars,"1,994",N/A,https://m.media-amazon.com/images/I/51vq9mxeeDL._AC_UL320_.jpg,N/A
Bata,N/A,749,3.8 out of 5 stars,76,N/A,https://m.media-amazon.com/images/I/61h2bmU0eJL._AC_UL320_.jpg,N/A
Skechers,N/A,"2,699",4.1 out of 5 stars,137,N/A,https://m.media-amazon.com/images/I/81XIWOAsCBL._AC_UL320_.jpg,N/A
Puma,N/A,"1,709",4.0 out of 5 stars,"3,852",N/A,https://m.media-amazon.com/images/I/51UsX66AY3L._AC_UL320_.jpg,N/A
Campus,N/A,"1,299",4.1 out of 5 stars,109,N/A,https://m.media-amazon.com/images/I/71kImjj3d1L._AC_UL320_.jpg,N/A
ASIAN,N/A,"1,549",4.0 out of 5 stars,926,N/A,https://m.media-amazon.com/images/I/81v0e+VgX1L._AC_UL320_.jpg,N/A
Centrino,N/A,849,3.6 out of 5 stars,"11,758",N/A,https://m.media-amazon.com/images/I/71dlxS7UBWS._AC_UL320_.jpg,N/A
Campus,N/A,"1,249",3.9 out of 5 stars,"7,533",N/A,https://m.media-amazon.com/images/I/61ocUOwG80L._AC_UL320_.jpg,N/A
Bata,N/A,497,3.7 out of 5 stars,"5,636",N/A,https://m.media-amazon.com/images/I/51zA3Xl-12L._AC_UL320_.jpg,N/A
ASIAN,N/A,949,3.9 out of 5 stars,"5,811",N/A,https://m.media-amazon.com/images/I/41mWz2aRrTL._AC_UL320_.jpg,N/A
new balance,N/A,"3,024",3.4 out of 5 stars,15,N/A,https://m.media-amazon.com/images/I/71J-rFs7JvL._AC_UL320_.jpg,N/A
Skechers,N/A,"2,499",4.0 out of 5 stars,47,N/A,https://m.media-amazon.com/images/I/7133kAKgJRL._AC_UL320_.jpg,N/A
ASIAN,N/A,699,3.8 out of 5 stars,"18,425",N/A,https://m.media-amazon.com/images/I/61jb+5NZ7oL._AC_UL320_.jpg,N/A
Campus,N/A,999,3.8 out of 5 stars,"2,476",N/A,https://m.media-amazon.com/images/I/515R56LsmjL._AC_UL320_.jpg,N/A
Campus,N/A,949,4.2 out of 5 stars,220,N/A,https://m.media-amazon.com/images/I/61m-AVgBpUL._AC_UL320_.jpg,N/A
ASIAN,N/A,749,3.6 out of 5 stars,"3,209",N/A,https://m.media-amazon.com/images/I/71QHj2ZuUXL._AC_UL320_.jpg,N/A
ASIAN,N/A,645,3.7 out of 5 stars,472,N/A,https://m.media-amazon.com/images/I/71s4yJYxVjL._AC_UL320_.jpg,N/A
Puma,N/A,"1,399",4.0 out of 5 stars,"3,394",N/A,https://m.media-amazon.com/images/I/61zfLOQYryL._AC_UL320_.jpg,N/A
Puma,N/A,"1,720",4.0 out of 5 stars,"3,127",N/A,https://m.media-amazon.com/images/I/71-SGK-AhcL._AC_UL320_.jpg,N/A
SPARX,N/A,823,4.0 out of 5 stars,"11,980",N/A,https://m.media-amazon.com/images/I/71kqaKlRNXL._AC_UL320_.jpg,N/A
Bata,N/A,699,3.5 out of 5 stars,38,N/A,https://m.media-amazon.com/images/I/51SbtGXf7xL._AC_UL320_.jpg,N/A
Kraasa,N/A,799,3.9 out of 5 stars,71,N/A,https://m.media-amazon.com/images/I/51jUVDzXDDL._AC_UL320_.jpg,N/A
SPARX,N/A,817,4.1 out of 5 stars,"5,624",N/A,https://m.media-amazon.com/images/I/71iV1K42XJL._AC_UL320_.jpg,N/A
adidas,N/A,"1,729",4.0 out of 5 stars,"6,725",N/A,https://m.media-amazon.com/images/I/71sfbi31lhL._AC_UL320_.jpg,N/A
Campus,N/A,"1,349",3.9 out of 5 stars,"4,957",N/A,https://m.media-amazon.com/images/I/61iL3LW3O9L._AC_UL320_.jpg,N/A
ASIAN,N/A,695,3.8 out of 5 stars,419,N/A,https://m.media-amazon.com/images/I/81eX95cRbEL._AC_UL320_.jpg,N/A
Campus,N/A,999,4.1 out of 5 stars,"5,268",N/A,https://m.media-amazon.com/images/I/71otXkOZWeL._AC_UL320_.jpg,N/A
Woodland,N/A,"2,246",3.9 out of 5 stars,"1,523",N/A,https://m.media-amazon.com/images/I/81T-n5Nv7BL._AC_UL320_.jpg,N/A
ASIAN,N/A,669,3.8 out of 5 stars,"27,186",N/A,https://m.media-amazon.com/images/I/61pYhDY8fxL._AC_UL320_.jpg,N/A
Karaddi,N/A,508,3.4 out of 5 stars,488,N/A,https://m.media-amazon.com/images/I/61h4n78o6WL._AC_UL320_.jpg,N/A
ASIAN,N/A,645,3.8 out of 5 stars,"3,021",N/A,https://m.media-amazon.com/images/I/719wPs8uZGL._AC_UL320_.jpg,N/A
Reebok,N/A,"1,539",4.0 out of 5 stars,"2,465",N/A,https://m.media-amazon.com/images/I/81xcLHSFSCL._AC_UL320_.jpg,N/A
ASIAN,N/A,"1,599",4.0 out of 5 stars,26,N/A,https://m.media-amazon.com/images/I/813eakzrr3L._AC_UL320_.jpg,N/A
ASICS,N/A,"2,750",4.3 out of 5 stars,35,N/A,https://m.media-amazon.com/images/I/61TZYDyvE7L._AC_UL320_.jpg,N/A
BRUTON,N/A,494,3.4 out of 5 stars,23,N/A,https://m.media-amazon.com/images/I/71QHmzZbapL._AC_UL320_.jpg,N/A
AADI,N/A,498,3.8 out of 5 stars,115,N/A,https://m.media-amazon.com/images/I/51f8-BLfiNL._AC_UL320_.jpg,N/A
ASIAN,N/A,674,3.9 out of 5 stars,"18,168",N/A,https://m.media-amazon.com/images/I/61C7ArtiuZL._AC_UL320_.jpg,N/A
Liberty,N/A,849,3.6 out of 5 stars,163,N/A,https://m.media-amazon.com/images/I/6106QRIe40L._AC_UL320_.jpg,N/A
Nivia,N/A,949,4.0 out of 5 stars,"13,927",N/A,https://m.media-amazon.com/images/I/71lqmpE-2gL._AC_UL320_.jpg,N/A
SPARX,N/A,721,4.1 out of 5 stars,"4,998",N/A,https://m.media-amazon.com/images/I/41hubswu--L._AC_UL320_.jpg,N/A
Woodland,N/A,"2,874",3.9 out of 5 stars,573,N/A,https://m.media-amazon.com/images/I/71rBhmxEsIL._AC_UL320_.jpg,N/A
Woodland,N/A,N/A,3.7 out of 5 stars,679,N/A,https://m.media-amazon.com/images/I/71ci6Jz9V+L._AC_UL320_.jpg,N/A
SPARX,N/A,599,4.1 out of 5 stars,"6,703",N/A,https://m.media-amazon.com/images/I/41cArJ9hEeL._AC_UL320_.jpg,N/A
Skechers,N/A,"3,347",4.1 out of 5 stars,4,N/A,https://m.media-amazon.com/images/I/81vd5h8SEIL._AC_UL320_.jpg,N/A
Skechers,N/A,"1,999",4.0 out of 5 stars,315,N/A,https://m.media-amazon.com/images/I/81m5FiRWM8L._AC_UL320_.jpg,N/A
Red Chief,N/A,"1,907",3.9 out of 5 stars,"6,531",N/A,https://m.media-amazon.com/images/I/81k99-CSpXL._AC_UL320_.jpg,N/A
Power,N/A,"1,699",4.0 out of 5 stars,"5,199",N/A,https://m.media-amazon.com/images/I/812vVdSevNL._AC_UL320_.jpg,N/A
ASIAN,N/A,769,3.8 out of 5 stars,"5,468",N/A,https://m.media-amazon.com/images/I/61im5BIhEXL._AC_UL320_.jpg,N/A
Bata,N/A,"1,699",3.9 out of 5 stars,540,N/A,https://m.media-amazon.com/images/I/81EQ4CcaQpL._AC_UL320_.jpg,N/A
Campus,N/A,"1,099",4.0 out of 5 stars,"1,586",N/A,https://m.media-amazon.com/images/I/71IoojSiCBS._AC_UL320_.jpg,N/A
Woodland,N/A,"2,996",4.1 out of 5 stars,"2,038",N/A,https://m.media-amazon.com/images/I/81yWA1UvK9L._AC_UL320_.jpg,N/A
Puma,N/A,"4,199",3.9 out of 5 stars,"1,111",N/A,https://m.media-amazon.com/images/I/71uEBGZ+5HL._AC_UL320_.jpg,N/A
Puma,N/A,"1,840",4.0 out of 5 stars,151,N/A,https://m.media-amazon.com/images/I/61JqLh2X4dL._AC_UL320_.jpg,N/A
Puma,N/A,"1,574",3.8 out of 5 stars,519,N/A,https://m.media-amazon.com/images/I/61Se8IgYcjL._AC_UL320_.jpg,N/A
Campus,N/A,"1,099",4.0 out of 5 stars,68,N/A,https://m.media-amazon.com/images/I/71-WU5SSoEL._AC_UL320_.jpg,N/A
Campus,N/A,"1,099",4.0 out of 5 stars,515,N/A,https://m.media-amazon.com/images/I/71FpG7w04bL._AC_UL320_.jpg,N/A
FOVERA,N/A,360,3.9 out of 5 stars,"2,747",N/A,https://m.media-amazon.com/images/I/81xhceSYI3L._AC_UL320_.jpg,N/A
AVANT,N/A,945,4.0 out of 5 stars,363,N/A,https://m.media-amazon.com/images/I/61f9pDQDqlL._AC_UL320_.jpg,N/A
Puma,N/A,"1,699",3.6 out of 5 stars,608,N/A,https://m.media-amazon.com/images/I/61kjKgCe3XL._AC_UL320_.jpg,N/A
ASIAN,N/A,669,3.9 out of 5 stars,"3,803",N/A,https://m.media-amazon.com/images/I/81pA9xrOFHL._AC_UL320_.jpg,N/A
SPARX,N/A,965,4.1 out of 5 stars,"20,404",N/A,https://m.media-amazon.com/images/I/612dWsWvGRL._AC_UL320_.jpg,N/A
Skechers,N/A,"3,266",4.1 out of 5 stars,521,N/A,https://m.media-amazon.com/images/I/81h1ITBEXnL._AC_UL320_.jpg,N/A
SPARX,N/A,786,3.8 out of 5 stars,27,N/A,https://m.media-amazon.com/images/I/41kzBjfpkhL._AC_UL320_.jpg,N/A
Puma,N/A,"2,879",3.4 out of 5 stars,5,N/A,https://m.media-amazon.com/images/I/511AdsWDWcL._AC_UL320_.jpg,N/A
Campus,N/A,799,4.1 out of 5 stars,532,N/A,https://m.media-amazon.com/images/I/61JeQldlirL._AC_UL320_.jpg,N/A
Campus,N/A,"1,299",4.1 out of 5 stars,122,N/A,https://m.media-amazon.com/images/I/71Kr9VBm7PL._AC_UL320_.jpg,N/A
Puma,N/A,"2,182",4.1 out of 5 stars,102,N/A,https://m.media-amazon.com/images/I/51dLAfIo9cL._AC_UL320_.jpg,N/A
Campus,N/A,"1,399",4.2 out of 5 stars,60,N/A,https://m.media-amazon.com/images/I/61JzDzTHntL._AC_UL320_.jpg,N/A
Nivia,N/A,749,5.0 out of 5 stars,2,N/A,https://m.media-amazon.com/images/I/71cAglZMfLL._AC_UL320_.jpg,N/A
BRUTON,N/A,277,3.0 out of 5 stars,"1,717",N/A,https://m.media-amazon.com/images/I/613jfAH1TuL._AC_UL320_.jpg,N/A
ASIAN,N/A,"1,199",4.0 out of 5 stars,"2,353",N/A,https://m.media-amazon.com/images/I/81CDiXdNvvL._AC_UL320_.jpg,N/A
Puma,N/A,"2,227",3.1 out of 5 stars,28,N/A,https://m.media-amazon.com/images/I/51qzyCW0MmL._AC_UL320_.jpg,N/A
Bata,N/A,339,3.8 out of 5 stars,"2,348",N/A,https://m.media-amazon.com/images/I/710blnx3C8L._AC_UL320_.jpg,N/A
Campus,N/A,"1,499",4.0 out of 5 stars,21,N/A,https://m.media-amazon.com/images/I/61ajL41fr1L._AC_UL320_.jpg,N/A
Woodland,N/A,"2,223",4.0 out of 5 stars,90,N/A,https://m.media-amazon.com/images/I/717h+zjQ5TL._AC_UL320_.jpg,N/A
AADI,N/A,580,3.6 out of 5 stars,85,N/A,https://m.media-amazon.com/images/I/71A-T7rYeGL._AC_UL320_.jpg,N/A
Puma,N/A,"4,290",4.1 out of 5 stars,10,N/A,https://m.media-amazon.com/images/I/515PkalLEhL._AC_UL320_.jpg,N/A
SPARX,N/A,869,4.1 out of 5 stars,"2,696",N/A,https://m.media-amazon.com/images/I/51Aisx4A7SL._AC_UL320_.jpg,N/A
SPARX,N/A,779,4.1 out of 5 stars,"20,841",N/A,https://m.media-amazon.com/images/I/61VzAAvV6RL._AC_UL320_.jpg,N/A
Campus,N/A,999,4.0 out of 5 stars,360,N/A,https://m.media-amazon.com/images/I/6106qzQ-VgL._AC_UL320_.jpg,N/A
HEALTH SAFE,N/A,699,2.7 out of 5 stars,368,N/A,https://m.media-amazon.com/images/I/71q9o1FGvDL._AC_UL320_.jpg,N/A
Puma,N/A,"2,499",3.3 out of 5 stars,679,N/A,https://m.media-amazon.com/images/I/518WAeiyl7L._AC_UL320_.jpg,N/A
BRUTON,N/A,492,2.7 out of 5 stars,36,N/A,https://m.media-amazon.com/images/I/71y9khd5IQL._AC_UL320_.jpg,N/A
Nivia,N/A,999,4.0 out of 5 stars,620,N/A,https://m.media-amazon.com/images/I/71amibHOgZL._AC_UL320_.jpg,N/A
Campus,N/A,"1,099",4.3 out of 5 stars,119,N/A,https://m.media-amazon.com/images/I/61bgIBilYYL._AC_UL320_.jpg,N/A
Reebok,N/A,"2,129",4.1 out of 5 stars,841,N/A,https://m.media-amazon.com/images/I/615li9OepZL._AC_UL320_.jpg,N/A
Puma,N/A,"1,799",3.9 out of 5 stars,177,N/A,https://m.media-amazon.com/images/I/41nuGfjbijL._AC_UL320_.jpg,N/A
